id,headline,subheading,body,image_url,image_caption,alt_text
1,"राज्य सरकार ने ग्रामीण सड़कों के लिए नया पब्लिक-प्राइवेट मॉडल अपनाया","निवेश बढ़ाकर कनेक्टिविटी सुधारने का लक्ष्य, छोटे ठेकेदारों को प्राथमिकता","राज्य सरकार ने आज ग्रामीण क्षेत्रों में सड़कों के कायाकल्प के लिए एक नया पब्लिक-प्राइवेट पार्टनरशिप (PPP) मॉडल लागू करने की घोषणा की। इस पहल का उद्देश्य दूर-दराज़ गांवों को मुख्य सड़कों से जोड़कर किसानों और छोटे व्यवसायों की बाजार तक पहुंच सुनिश्चित करना है। विभागीय अधिकारियों के अनुसार, इस योजना में स्थानीय ठेकेदारों और स्वयं मदद समूहों को प्राथमिकता दी जाएगी ताकि रोजगार स्थानीय स्तर पर बने रहें और रखरखाव की ज़िम्मेदारी भी समुदायों के पास रहे। योजना के तहत केंद्र और राज्य दोनों के फंड के साथ निजी निवेश को जोड़कर हर साल लगभग 2,000 किलोमीटर सड़कों के निर्माण और मरम्मत का लक्ष्य रखा गया है।  कार्यक्रम के शुरुआती चरण में 10 जिलों में पायलट प्रोजेक्ट शुरू किए जाएंगे, जहां सड़क मानकों, जल निकासी और सुरक्षा संकेतों पर कठोर दिशानिर्देश लागू किए जाएंगे। संबंधित अधिकारियों ने बताया कि तकनीकी मानकों का पालन करने के लिए स्वतंत्र निगरानी तंत्र भी स्थापित किया जाएगा। इस मॉडल का एक प्रमुख घटक रखरखाव निधि है, जो निर्माण के साथ ही अलॉट की जाएगी ताकि सड़कों की उम्र बढ़ सके और बार-बार मरम्मत की आवश्यकता कम हो। वित्तीय विश्लेषकों का मानना है कि अगर योजना पारदर्शी तरीके से लागू होती है तो ग्रामीण अर्थव्यवस्था में त्वरित उछाल आ सकता है, खासकर फसल परिवहन लागत में कमी से किसानों की आय में सुधार होगा।  हालाँकि, कुछ ग्रामीण नेताओं ने स्थानीय सहभागिता और भूमि अधिग्रहण के मुद्दों पर चिंताएं व्यक्त की हैं। सरकार ने आश्वासन दिया है कि किसी भी परियोजना में भूमि अधिग्रहण अंतिम विकल्प होगा और समुदायों की सहमति व पारिश्रमिक पर विशेष ध्यान दिया जाएगा। नीति निर्माता अगले महीने विस्तृत दिशा-निर्देश और सामुदायिक संवाद कार्यक्रम जारी करेंगे ताकि योजना का प्रभावी और समावेशी क्रियान्वयन सुनिश्चित हो सके।","https://source.unsplash.com/800x600/?rural-road,india","ग्रामीण सड़कों के निर्माण के दौरान मिट्टी के टीलों से गुजरती नई मार्गरेखा","ग्रामीण सड़क निर्माण की तस्वीर"
2,"नगर निगम स्मार्ट कचरा प्रबंधन के लिए सेंसर-आधारित पायलट शुरू करेगा","शहर के चार क्षेत्रों में कचरा बिनों में सेंसर लगाए जाएंगे, संग्रह में सुधार का प्रयास","नगर निगम ने शहर में कचरा संग्रह प्रणाली को अधिक प्रभावी बनाने के लिए चार क्षेत्रीय क्षेत्रों में सेंसर-आधारित पायलट परियोजना की शुरुआत करने का निर्णय लिया है। इस पहल के तहत कचरा संग्रह बिनों में भराव-स्तर सेंसर लगाए जाएंगे, जो रीयल-टाइम डेटा नगर निगम के केंद्र में भेजेंगे। अधिकारियों का कहना है कि इससे कचरा वाहन केवल तब जाएंगे जब बिन भरेंगे, जिससे ईंधन की बचत, समय की बचत और गंदगी के फैलने की घटनाओं में कमी आएगी।  पायलट में शामिल क्षेत्रों का चुनाव घनी आबादी और व्यापारिक गतिविधियों के आधार पर किया गया है। नगर प्रशासन ने स्थानीय NGOs और रसोई-अपशिष्ट से जुड़े उद्यमों के साथ भागीदारी कर जैविक अपशिष्ट का अलग संग्रह भी शुरू करने का लक्ष्य रखा है। परियोजना के पहले चरण में डेटा का विश्लेषण कर सबसे कुशल रूट बनाये जायेंगे, जबकि अगले चरण में शहर के बाकी हिस्सों में इस तकनीक को विस्तारित किया जाएगा।  टेक्निकल टीम ने बताया कि सेंसर और संचार नेटवर्क के रखरखाव के लिये एक समर्पित टीम बनाएगी، और डेटा की गोपनीयता का विशेष ध्यान रखा जाएगा। नागरिकों को भी एक मोबाइल पोर्टल के माध्यम से कचरा संग्रह के समय और शिकायत दर्ज कराने की सुविधा दी जाएगी। नगर निगम ने कहा कि प्रारंभिक परीक्षण के बाद अगर परिणाम सकारात्मक हुए तो वर्ष के अंत तक संपूर्ण शहर में इस प्रणाली के लागू होने की संभावना है।  स्थानीय दुकानदारों और निवासियों ने साफ-सफाई में सुधार के संकेतों का स्वागत किया, पर कुछ ने पूछा कि छोटी गली-नुक्कड़ के बिनों तक भी तकनीक कैसे पहुंचाई जायेगी और क्या यह लागत-प्रभावी रहेगा। नगर प्रशासन ने आश्वस्त किया कि पायलट के दौरान लागत लाभ का आकलन किया जाएगा और समुदाय की सहभागिता सुनिश्चित की जाएगी.","https://source.unsplash.com/800x600/?trash-bin,smart-city","स्मार्ट सेंसर से लैस कचरा बिन और संग्रह वाहन की अवधारणा तस्वीर","सेंसर लगे कचरा बिन की तस्वीर"
3,"राज्य विश्वविद्यालय में बहुभाषी शिक्षा को बढ़ावा देने के नए पाठ्यक्रम","स्थानीय भाषाओं में पाठ्य सामग्री विकसित कर दाखिला वृद्धि का लक्ष्य","राज्य विश्वविद्यालय ने बहुभाषी शिक्षा के विस्तार के लिए नया अकादमिक योजना लागू करने की घोषणा की है। योजना का मुख्य उद्देश्य ग्रामीण और आदिवासी छात्रों के लिए उनकी स्थानीय भाषाओं में अध्ययन सामग्री उपलब्ध कराना है, जिससे अधिक छात्र उच्च शिक्षा तक पहुँच सकें। विश्वविद्यालय प्रशासन के अनुसार, पहले चरण में तीन स्थानीय भाषाओं में स्नातक स्तर के कोर्सरूप में विषयों का रूपांतरण किया जाएगा। यह पहल विशेष रूप से उन छात्रों के लिए लाभकारी मानी जा रही है जिनकी बेसिक शिक्षा स्थानीय भाषाओं में हुई है और वे अंग्रेज़ी-केन्द्रित उच्च शिक्षा में प्रवेश पाने में चुनौतियों का सामना करते हैं।  योजना में शिक्षण-सहायता सामग्री, ऑडियो-विज़ुअल मॉड्यूल और स्थानीय भाषा में प्रशिक्षक प्रशिक्षण शामिल है। विश्वविद्यालय ने यह भी कहा कि ऑनलाईन प्लेटफ़ॉर्म पर बहुभाषी पाठ्यक्रम उपलब्ध कराए जाएंगे ताकि दूरदराज़ क्षेत्रों के छात्रों को भी फायद मिल सके। अध्ययन और नौकरी के अवसरों पर इसका सकारात्मक प्रभाव पड़ने की उम्मीद है, क्योंकि यह छात्रों की समझ को बेहतर बनाता है और उन्हें व्यावहारिक कौशल सिखाने में मदद करता है।  शिक्षाविदों ने इस कदम की सराहना करते हुए कहा कि भाषा बाधाओं को दूर करना शिक्षा में समावेशिता बढ़ाने का एक महत्वपूर्ण तरीका है। हालांकि, कुछ विशेषज्ञों ने संसाधन, अनुवाद की गुणवत्ता और प्रमाणन मानकों पर चिंता जताई है। विश्वविद्यालय ने स्पष्ट किया कि रूपांतरण के दौरान विषय विशेषज्ञ, भाषा विद और स्थानीय समुदायों की भागीदारी सुनिश्चित की जाएगी।  वर्ष भर के पायलट के बाद विश्वविद्यालय परिणामों का आकलन करेगा और सफल होने पर योजना को राज्य के अन्य विश्वविद्यालयों तक फैलाने पर काम करेगा। इससे न केवल दाखिला दरों में वृद्धि की उम्मीद है बल्कि स्थानीय भाषाओं का संरक्षण और तकनीकी व शैक्षिक शब्दावली का विकास भी होगा.","https://source.unsplash.com/800x600/?education,students,library","बहुभाषी कक्षाएं और डिजिटल लर्निंग मॉड्यूल की सैद्धान्तिक तस्वीर","छात्र पुस्तकालय और लैपटॉप के साथ पढ़ते हुए"
4,"शहर के वाटर ट्रीटमेंट प्लांट में ऊर्जा-उत्पादन के लिए बायोगैस प्रयोग","अपशिष्ट से ऊर्जा बनाकर प्लांट परिचालन लागत घटाने का लक्ष्य","शहर के मुख्य वाटर ट्रीटमेंट प्लांट में बायोगैस आधारित ऊर्जा उत्पादन का पायलट प्रोजेक्ट आरम्भ किया जा रहा है। इस पहल में शहरी तरल अपशिष्ट से मेटेन गैस निकालकर उसे प्लांट के बिजली जनरेशन यूनिट और हीटिंग सिस्टम में उपयोग किया जाएगा, जिससे पारंपरिक ईंधन पर निर्भरता कम होगी। अधिकारियों ने बताया कि इससे न केवल ऊर्जा लागत घटेगी, बल्कि अपशिष्ट प्रबंधन का टिकाऊ विकल्प भी मिलेगा।  प्रोजेक्ट में संयंत्र के आस-पास के बायोमास स्रोतों और कारखानों के साथ साझेदारी की योजना भी शामिल है ताकि गैस उत्पादन स्थिर रहे। तकनीकी टीम ने कहा कि प्रोजेक्ट के पहले चरण में गैस की गुणवत्ता और स्थिरता के परीक्षण पर फोकस रहेगा। साथ ही, पर्यावरणीय प्रभाव का आकलन करने के लिए स्वतंत्र विशेषज्ञों को भी शामिल किया जाएगा।  पारिस्थितिक दृष्टिकोण से यह कदम सकारात्मक माना जा रहा है क्योंकि मिक्स्ड वेस्ट से निकलने वाली हानिकारक गैसों का उपयोग नियंत्रित तरीके से करने पर ग्रीनहाउस गैस उत्सर्जन कम हो सकता है। स्थानीय निवासियों को आश्वस्त किया गया है कि सुरक्षा मानकों का कड़ाई से पालन होगा और किसी भी रिसाव की स्थिति में आपात प्रतिक्रिया योजनाएं तैयार हैं।  परियोजना सफल होने पर इसे अन्य प्लांटों और औद्योगिक इकाइयों में भी लागू करने का प्रस्ताव है, जिससे शहर की कुल ऊर्जा मांग में योगदान मिल सकेगा। वित्तीय विशेषज्ञों का मानना है कि प्रारंभिक पूँजी निवेश के बाद परिचालन लागत में दीर्घकालिक कमी आर्थिक रूप से परियोजना को व्यवहार्य बना सकती है.","https://source.unsplash.com/800x600/?biogas,plant","बायोगैस यूनिट और तकनीशियन रखरखाव करते हुए (प्रतिनिधि तस्वीर)","बायोगैस संयंत्र की तस्वीर"
5,"स्थानीय खेल क्लब ने किशोर फुटबॉल सेंटर का उद्घाटन किया","युवा प्रतिभाओं के विकास के लिए प्रशिक्षित कोच और नियमित टूर्नामेंट","शहर के एक प्रमुख खेल क्लब ने आज किशोर फुटबॉल प्रशिक्षण केंद्र का उद्घाटन किया, जिसका मकसद स्थानीय प्रतिभाओं को संरचित प्रशिक्षण और प्रतिस्पर्धी मंच प्रदान करना है। केंद्र में अनुभवी कोच, फिटनेस ट्रेनर और खेल मनोवैज्ञानिक उपलब्ध रहेंगे जो युवा खिलाड़ियों को तकनीकी, शारीरिक और मानसिक प्रशिक्षण देंगे। क्लब ने बताया कि प्राथमिक रूप से 12–18 वर्ष के लड़के और लड़कियों के लिए अलग-अलग वर्ग बनाए गए हैं और ट्रायल के माध्यम से चयन होगा।  केंद्र में नियमित ट्रेनिंग के साथ-साथ मासिक टूर्नामेंट, स्किल कैंप और बीस दिन के विशेष विकास कार्यक्रम रखे जाएंगे। स्थानीय स्कूलों के साथ साझेदारी कर छात्रों को खेल में भागीदारी के लिए प्रेरित किया जाएगा। क्लब का कहना है कि केवल प्रतिस्पर्धा तक सीमित न रहकर प्रतिभाओं का समग्र विकास और शैक्षिक समर्थन भी सुनिश्चित किया जाएगा।  प्रशिक्षण के लिए आधुनिक जिम, रिकवरी रूम और चिकित्सा सुविधा भी उपलब्ध कराई गई है। क्लब प्रतिनिधि ने कहा कि सर्वसुलभता बनाए रखने के लिए आर्थिक मदद और स्कॉलरशिप योजनाएं भी लागू की जाएंगी ताकि आर्थिक रूप से कमजोर परिवारों के बच्चों को भी अवसर मिलें।  स्थानीय माता-पिता और अभिभावक इस पहल से उत्साहित दिखे और उन्होंने कहा कि इससे बच्चों में अनुशासन, टीम वर्क और स्वस्थ जीवनशैली को बढ़ावा मिलेगा। क्लब अगले साल क्षेत्रीय प्रतियोगिताओं में टीम भेजने की योजना बना रहा है और युवाओं के दीर्घकालिक करियर विकास के लिए नेशनल लेवल के कोचों के साथ भी संपर्क में है.","https://source.unsplash.com/800x600/?football,training","किशोर खिलाड़ियों की ट्रेनिंग सत्र के दौरान अभ्यास करते हुए तस्वीर","फुटबॉल प्रशिक्षण मैदान पर बच्चे अभ्यास कर रहे हैं"
6,"अस्पताल में टेलीमेडिसिन सेवा से ग्रामीण मरीजों को फायदा","विशेषज्ञों से वीडियो कंसल्ट, दवा वितरण और फॉलो-अप आसान बने","अंचल के प्रमुख अस्पताल ने टेलीमेडिसिन सेवा शुरू की है ताकि दूरस्थ इलाकों के मरीजों को विशेषज्ञ परामर्श और समय पर चिकित्सा सहायता मिल सके। नई सेवा के तहत ग्रामीण केंद्रों में स्थानीय स्वास्थ्य कार्यकर्ता प्राथमिक जाँच करेंगे और वीडियो कंसल्ट के माध्यम से विशेषज्ञ डॉक्टर से मरीज का परामर्श कराया जाएगा। अस्पताल ने बताया कि विशेष मामलों में दवाइयों का घर पर वितरण भी सुनिश्चित करने के लिए स्थानीय फार्मेसियों और डाक सेवा से साझेदारी की जा रही है।  यह पहल खासकर उन रोगियों के लिए उपयोगी है जिन्हें यात्रा करना मुश्किल है—बुज़ुर्ग, गर्भवती महिलाएं और गंभीर बीमारियाँ रखने वाले लोग। टेलीमेडिसिन प्लेटफ़ॉर्म पर रोगी का इलेक्ट्रॉनिक मेडिकल रिकॉर्ड भी सुरक्षित रखा जाएगा ताकि फॉलो-अप और इलाज के इतिहास तक सहज पहुँच हो।  डॉक्टरों ने कहा कि यह सेवा सीमित कंडीशन्स के लिए उपयुक्त है और आपात स्थिति के मामलों में अस्पताल में शारीरिक उपस्थिति अनिवार्य रहेगी। अस्पताल प्रबंधन ने प्रशिक्षित नर्स और हेल्थ वर्कर टीम बनायी है जो स्थानीय स्तर पर प्रारंभिक देखभाल और डिजिटल कनेक्टिविटी सुनिश्चित करेंगे।  स्वास्थ्य विशेषज्ञों के अनुसार, टेलीमेडिसिन से ग्रामीण स्वास्थ्य संकेतक बेहतर हो सकते हैं, विशेषकर समय पर इलाज और दवा पालन (medication adherence) में। परियोजना के पायलट के बाद सफलता मिलने पर इसे अन्य जिलों में भी विस्तारित करने का प्रस्ताव है। किसानों और ग्रामीण समुदाय के नेताओं ने इसे स्वागत योग्य कदम कहा, पर नेटवर्क कनेक्टिविटी और डिजिटल साक्षरता पर काम करने की आवश्यकता भी जतायी।","https://source.unsplash.com/800x600/?telemedicine,doctor","डॉक्टर और मरीज के बीच वीडियो कंसल्टेशन का प्रतिनिधि चित्र","डॉक्टर वीडियो कॉल पर मरीज से बात करते हुए"
7,"स्टार्टअप ने सोलर-रूफटाइल से ग्रामीण घरों को सस्ती बिजली दी","एकीकृत सौर टाइलें छत पर लगाकर ग्रिड निर्भरता घटाने का मॉडल","एक cleantech स्टार्टअप ने ग्रामीण और अर्ध-शहरी घरों के लिए सोलर-रूफटाइल समाधान पेश किया है जो पारंपरिक सौर पैनलों के मुकाबले सौंदर्य और लागत दोनों में उपयुक्त विकल्प प्रदान करता है। इन हल्के टाइलों को छत पर सीधी तरह से लगाया जा सकता है और स्थानीय रूप से उपलब्ध नाभिकीय बैटरी स्टोरेज से जोड़कर रात में भी बिजली उपलब्ध कराई जा सकती है। कंपनी का कहना है कि इसका इंस्टॉलेशन तेज़ है और मैन्युअल रखरखाव कम मांगता है।  प्रारंभिक पायलटों में परिवारों ने बताया कि घरेलू बिजली बिलों में उल्लेखनीय कमी आई है और छोटे व्यापारियों ने भी अतिरिक्त बिजली से अपने उपकरण चलाये। स्टार्टअप ने स्थानीय श्रम को प्रशिक्षित कर इंस्टॉलेशन तथा सर्विस नेटवर्क तैयार किया है, जिससे रोजगार भी बढ़ा है।  सरकारी प्रोत्साहनों और सब्सिडी मॉडल के साथ, यह समाधान आर्थिक रूप से और अधिक व्यवहार्य बन रहा है। ऊर्जा विशेषज्ञों का मानना है कि यदि बड़े पैमाने पर अपनाया गया तो ग्रामीण क्षेत्रों में ग्रिड दबाव कम होगा और पर्यावरणीय लाभ भी मिलेंगे।  कंपनी आगे बैटरी-लाइफ और रिसाइक्लिंग पहल पर काम कर रही है ताकि लंबे समय तक स्थिर आपूर्ति सुनिश्चित हो सके। ग्रामीण समुदायों ने इसे स्वच्छ और सशक्त समाधान बताया, पर लागत-समर्थन मॉडल और वित्तपोषण विकल्पों पर पारदर्शिता की मांग भी उठी है.","https://source.unsplash.com/800x600/?solar,roof","छत पर लगे सोलर-रूफटाइल और घर में बिजली की आपूर्ति का आइडिया","सोलर रूफटाइल लगे घर की तस्वीर"
8,"संस्कृति मंत्रालय ने लोक-कला संरक्षण हेतु अनुदान योजना शुरू की","शिल्पकारों और कलाकारों के पारंपरिक कार्यों को आर्थिक सहायता","केंद्र सरकार के संस्कृति मंत्रालय ने पारंपरिक लोक-कला और शिल्पों के संरक्षण हेतु एक व्यापक अनुदान योजना की घोषणा की है। योजना का उद्देश्य उन कुटीर कलाकारों और शिल्पकारों को वित्तीय व प्रशिक्षण सहायता देना है जिनकी कला धीरे-धीरे कम होती जा रही है। अनुदान के जरिए कलाकारों को आधुनिक बाज़ार तक पहुँचाने, डिजिटलीकरण और ब्रांडिंग में मदद मुहैया करायी जाएगी।  योजना में कार्यशालाएँ, प्रदर्शनियों के आयोजन और शैक्षिक कार्यक्रम शामिल होंगे ताकि युवा पीढ़ी में इन कलाओं के प्रति रुचि बढ़े। मंत्रालय ने कहा कि स्थानीय संस्थानों और NGOs के साथ साझेदारी कर कलाकारों को मार्केट-लिंक्ड उत्पाद विकसित करने में सहायता दी जाएगी। साथ ही, शिल्प सामग्री की लागत घटाने और कच्चे माल की उपलब्धता सुनिश्चित करने के लिए आपूर्ति श्रृंखला सुधार पर भी काम किया जाएगा।  कला इतिहासकारों और क्षेत्रीय संस्कृति विशेषज्ञों ने इस कदम का स्वागत किया, पर टिकाऊ व्यापार मॉडल और दीर्घकालिक आय अर्जन के माध्यमों पर निरಂತರ निगरानी की आवश्यकता पर बल दिया। मंत्रालय ने कहा है कि चयन प्रक्रिया पारदर्शी होगी और अनुदान सीधे लाभार्थियों के बैंक खातों में भेजे जाएंगे।  योजना के पायलट चरण में कुछ जिलों को लक्षित किया जाएगा और सफल मॉडलों को राष्ट्रीय स्तर पर लागू किया जाएगा। इससे न केवल सांस्कृतिक विरासत संरक्षित होगी, बल्कि ग्राम्य अर्थव्यवस्था के विविधन में भी मदद मिलेगी और पारंपरिक कलाओं को पुनर्जीवित करने का प्रयास तेज होगा.","https://source.unsplash.com/800x600/?crafts,artisans","लोक शिल्पकार पारंपरिक शिल्प तैयार करते हुए (प्रतिनिधि तस्वीर)","शिल्पकार हाथ से काम करते हुए"
9,"वैज्ञानिकों ने मौसम पूर्वानुमान के लिए नई स्थानीय मॉडल विकसित की","छोटे इलाके के लिए ज़्यादा सटीक बारिश और तापमान भविष्यवाणी","एक शोध टीम ने स्थानीय स्तर पर अधिक सटीक मौसम पूर्वानुमान के लिए नई मॉडल विकसित की है, जो छोटे भौगोलिक इलाकों में बारिश, तापमान और आर्द्रता की बेहतर भविष्यवाणी कर सकती है। शोध में उच्च-रिज़ॉल्यूशन उपग्रह डेटा, स्थानीय मौसम स्टेशनों और मशीन-लर्निंग आधारित एल्गोरिथ्म का संयोजन किया गया है। परिणामों ने दिखाया कि पारंपरिक बड़े-स्केल मॉडलों की तुलना में नई विधि छोटे क्षेत्रों के लिए अधिक प्रासंगिक और समयबद्ध सूचना प्रदान करती है।  यह तकनीक खासकर कृषि-निर्भर समुदायों के लिए महत्वपूर्ण है क्योंकि अधिक सटीक मौसम सूचनाओं से बुवाई, सिंचाई और फसल सुरक्षा के निर्णय बेहतर बनते हैं। शोधकर्ता कह रहे हैं कि मॉडल को स्थानीय भाषा में सरल चेतावनियों और सुझावों के साथ जोड़ा जा सकता है ताकि किसान आसानी से समझ सकें और समय पर कार्रवाई कर सकें।  प्रारंभिक परीक्षण में कुछ क्षेत्रों में फसल क्षति के जोखिम का समय रहते संकेत मिलना साबित हुआ, जिससे संभावित बचाव कार्य और बीमा दावों की प्रक्रिया सुगम हुई। शोधकर्ताओं ने कहा कि मॉडल को राष्ट्रीय मौसम सेवाओं के साथ इंटरऑपरेबल बनाने के लिए अतिरिक्त मानकीकरण और डेटा साझाकरण आवश्यक होगा।  अगले चरण में टीम मॉडल को क्लाउड-आधारित API के रूप में उपलब्ध कराकर मोबाइल और पंचायत-स्तर के प्लेटफ़ॉर्म से जोड़ने का लक्ष्य रखती है। इससे सूचनाओं की पहुँच बढ़ेगी और समुदाय-आधारित जोखिम प्रबंधन बेहतर होगा.","https://source.unsplash.com/800x600/?weather,forecast","मौसम वैज्ञानिक स्टेशन और डेटा विज़ुअलाइज़ेशन का प्रतिनिधि चित्र","मौसम स्टेशन और कंप्यूटिंग स्क्रीन"
10,"शहर में महिला सुरक्षा के लिए रात में पब्लिक बसों का परिचालन बढ़ाया गया","सुरक्षा गार्ड और सीसीटीवी के साथ महिलाओं के लिए सुरक्षित परिवहन सुविधाएं","नगर परिषद ने महिलाओं की सुरक्षा को ध्यान में रखते हुए रात में सार्वजनिक बसों की संख्या बढ़ाने और उनमें सुरक्षा प्रबंध सुदृढ़ करने की घोषणा की है। नई व्यवस्था में विशेष रात्री बस रूटों पर प्रशिक्षित सुरक्षा कर्मचारी तैनात होंगे और प्रत्येक बस में सीसीटीवी कैमरा सिस्टम लगाया जाएगा। परिषद का कहना है कि इससे रात में घर लौटने वाली महिलाएं सुरक्षित और भरोसेमंद सार्वजनिक परिवहन का उपयोग कर सकेंगी।  योजना के तहत बस स्टॉपों पर बेहतर प्रकाश व्यवस्था, आपात कॉल बटनों और मोबाइल-आधारित ट्रैकिंग की सुविधा भी जोड़ी जा रही है। स्थानीय महिला संगठनों और पुलिस के साथ समन्वय करके ट्रेनिंग कार्यक्रम तथा जागरूकता अभियान भी चलाये जायेंगे। परिषद ने कहा कि शुरुआत में चुनिंदा बस रूटों पर कार्यक्रम लागू किया जाएगा और प्रतिक्रिया के आधार पर इसे विस्तारित किया जाएगा।  समाज से मिले प्रारम्भिक फीडबैक में महिलाएँ इसे सकारात्मक कदम मान रही हैं, परकुछ ने कहा कि यह तभी सार्थक होगा जब प्रभावी क़ानूनी कार्रवाई और निरंतर निगरानी भी सुनिश्चित हो। पारदर्शिता और आम जनता की भागीदारी को बढ़ाने के लिए एक डिजिटल पोर्टल पर रीयल-टाइम अपडेट और शिकायत पंजीकरण की व्यवस्था की जाएगी।  परिषद ने अनुमानित लागत और फंडिंग संरचना भी सार्वजनिक की है और कहा कि केंद्र-राज्य अनुदान व स्थानीय टैक्स से इस योजना को वित्तपोषित किया जाएगा। अगर यह सफल रहा तो इसे और शहरों में मॉडल के रूप में अपनाने की सिफारिश की जाएगी.","https://source.unsplash.com/800x600/?bus,night","रात में सार्वजनिक बस और स्टॉप की रोशनी का प्रतिनिधि चित्र","रात में बस स्टॉप की तस्वीर"
11,"वित्तीय समावेशन के लिए माइक्रो-लोन प्लेटफ़ॉर्म ने नया क्रेडिट स्कोर मॉडल लॉन्च किया","गैर-पारंपरिक डेटा के आधार पर ग्रामीण उद्यमियों को ऋण उपलब्ध कराना आसान होगा","एक फिनटेक कंपनी ने ग्रामीण और अर्ध-शहरी उद्यमियों के लिए नया क्रेडिट स्कोर मॉडल पेश किया है, जो पारंपरिक बैंकिंग इतिहास की कमी के बावजूद योग्य उधारकर्ताओं को पहचानने में मदद करेगा। नया मॉडल मोबाइल व्यवहार, व्यापार के लेन-देन और स्थानीय कम्युनिटी-आधारित संकेतकों का उपयोग करता है। कंपनी का दावा है कि इससे पहले अनसेव्ड छोटे उद्यमियों को त्वरित और कम-दस्तावेज़ ऋण मिल सकेगा।  पायलट चरण में, कंपनी ने कई जिलों के स्थानीय व्यापारियों के साथ काम किया और रिपोर्ट कर रही है कि क्रेडिट पहुँच में वृद्धि हुई है और डिफ़ॉल्ट दर अपेक्षाकृत कम रही है। मॉडल में पारदर्शिता बनाए रखने के लिए स्पष्टीकरण स्तर भी दिया गया है जिससे उधारकर्ता समझ सकें कि उनका स्कोर कैसे बना।  नियामक विशेषज्ञों का सुझाव है कि डेटा गोपनीयता और उपभोक्ता सुरक्षा सुनिश्चित करने के लिए कठोर गारंटी और आडिट मेकेनिज़्म आवश्यक होंगे। कंपनी ने कहा कि सभी डेटा गोपनीयता मानकों का पालन किया जाएगा और स्कोरिंग एल्गोरिथ्म पर स्वतंत्र तृतीय-पक्ष मूल्यांकन कराया जा रहा है।  इस पहल से स्थानीय उद्यमियों को अपने व्यवसाय का विस्तार करने, इन्वेंटरी बढ़ाने और रोजगार सृजन में मदद मिलने की उम्मीद है। यदि मॉडल सफल रहा तो इसे अन्य वित्तीय उत्पादों, जैसे बीमा और बचत योजनाओं के साथ भी जोड़कर एक व्यापक वित्तीय समावेशन मंच बनाया जा सकेगा.","https://source.unsplash.com/800x600/?microfinance,loan","छोटे व्यापारियों के लिये माइक्रो-लोन सहायता का प्रतीकात्मक चित्र","लोन दस्तावेज़ और व्यापारियों की तस्वीर"
12,"जल निकासी सुधार परियोजना से शहर के बाढ़ जोखिम में कमी का अनुमान","मानसून पूर्व नदियों और नालों की सफाई कर कट ऑफ पॉइंट्स बनाए गए","शहर प्रशासन ने मानसून से पहले एक व्यापक जल निकासी सुधार परियोजना शुरू की है, जिसका उद्देश्य नालों और जल निकासी मार्गों की सफाई कर शहर के बाढ़ जोखिम को घटाना है। परियोजना में पुराने कनेक्शन की मरम्मत, बड़े नालों के विस्तार और जल-भंडारण प्वाइंट्स का निर्माण शामिल है। प्रशासन ने कहा कि यह कदम पिछले साल की भारी बारिश में आई क्षति की समीक्षा के बाद उठाया गया है।  विशेषज्ञों ने बताया कि जमीनी वास्तविकता पर आधारित योजना बनाकर और स्थानीय प्रशासन के साथ समन्वय कर कार्य करने से अल्पकाल में ही पानी के बहाव का मार्ग तय करने में मदद मिलेगी। साथ ही, कम-प्राथमिकता वाले क्षेत्रों में सतत जलप्रबंधन कार्यक्रम हेतु सामुदायिक जागरूकता अभियान भी चलाये जा रहे हैं।  परियोजना का एक महत्वपूण पहलू यह है कि इसमें जल-रोकथाम के साथ-साथ हरित क्षेत्रों के विकास और भूमिगत जल पुनर्भरण पर भी जोर दिया जा रहा है। इससे केवल बाढ़ नियंत्रण नहीं बल्कि शहर की जल-सुरक्षा और गर्मी के दौरान तापमान नियंत्रित रखने में भी मदद मिलेगी।  नागरिकों को अस्थायी यातायात प्रतिबंधों और कार्यक्षेत्र में पहुंच के दौरान सुरक्षा निर्देशों का पालन करने का अनुरोध किया गया है। परियोजना के पूरा होने पर प्रशासन ने कहा कि शहर की मुसीबत सहने की क्षमता बेहतर होगी और संपत्ति व जीवन दोनों की सुरक्षा बढ़ेगी.","https://source.unsplash.com/800x600/?drainage,storm","नाली की सफ़ाई और जल निकासी कार्य का प्रतिनिधि चित्र","नाली सफाई के दौरान मशीनरी की तस्वीर"
